{
    "bleu-4": 25.967258451417003,
    "rouge-1": 31.49235721997301,
    "rouge-2": 7.608175556680162,
    "rouge-l": 29.162584412955468
}